ID,URL
1,https://www.instagram.com/reel/DPHYVUwD7D0/?igsh=ancyZGlwbXZsNWx1
2,https://www.instagram.com/reel/DCXInoBSICF/
3,https://www.instagram.com/reel/DBv5oCVxtog/
4,https://www.instagram.com/reel/DCotA2wNOd1/
5,https://www.instagram.com/reel/DCT3tH_ASuC/
6,https://www.instagram.com/share/reel/BBnUaaluMK
7,https://www.instagram.com/share/reel/BAA5QBEBO5
8,https://www.instagram.com/share/reel/BA3kxDOkzh
9,https://www.instagram.com/share/reel/BAM5olgdom
10,https://www.instagram.com/share/reel/BACXj2O0jD
11,https://www.instagram.com/reel/DDhW5iLRaTP/
12,https://www.instagram.com/reel/DDh7L7Ah2jg/
13,https://www.instagram.com/reel/DDzlHZgSby8/
14,https://www.instagram.com/reel/DD0RDlaplQs/
15,https://www.instagram.com/reel/DDy3JOoRlrc/
16,https://www.instagram.com/reel/DCwlw7uv6os/
17,https://www.instagram.com/benignouw
18,https://www.instagram.com/reel/DECQ0TLR-Mm/
19,https://www.instagram.com/reel/DEDjiaZyrzG/
20,https://www.instagram.com/getcaptionsapp
21,https://www.instagram.com/reel/DDR8ocSxvev/
22,https://www.instagram.com/reel/DEXVUBJOcLu/
23,https://www.instagram.com/p/DE8Sv8NBkNs/?img_index=1
24,https://www.instagram.com/reel/DANgsSluoAS/
25,https://www.instagram.com/reel/DEEyxKYpirP/
26,https://www.instagram.com/reel/DE7u0ipvzxW/
27,https://www.instagram.com/reel/DCosRS1xYXX/
28,https://www.instagram.com/reel/DFLEKZUxNTN/
29,https://www.instagram.com/reel/DC9Bg0rO3MM/
30,https://www.instagram.com/reel/DEStD5Ix9ag/
31,https://www.instagram.com/reel/DDzrTjIvABc/
32,https://www.instagram.com/reel/DFpIJMsMaVh/
33,https://www.instagram.com/reel/DFvzce7vFM-/
34,https://www.instagram.com/reel/DFv1HPITz6l/
35,https://www.instagram.com/reel/DE93SNmoInU/
36,https://www.instagram.com/p/DFVAmCMu_35/
37,https://www.instagram.com/reel/DFhm52BC5Qx/
38,https://www.instagram.com/reel/DF5t31XMSKe/
39,https://www.instagram.com/reel/DFzyoVmxGb-/
40,https://www.instagram.com/reel/DFt3mn3pdWn/
41,https://www.instagram.com/reel/DF7X0opCAqp/
42,https://www.instagram.com/p/DFKufUisMvS/
43,https://www.instagram.com/reel/DF6Y-SuM3em/
44,https://www.instagram.com/reel/DFSoQqcs-jl/
45,https://www.instagram.com/reel/DCJwGAlJadm/
46,https://www.instagram.com/reel/DAv1DWBJmTx/
47,https://www.instagram.com/reel/DB_pciDRl5B/
48,https://www.instagram.com/reel/DB8w1nrI8Ny/
49,https://www.instagram.com/reel/DAlQPEJItAx/
50,https://www.instagram.com/reel/DAiUOWoIuTq/
51,https://www.instagram.com/p/DFQ-9-Wv44s/?img_index=6
52,https://www.instagram.com/reel/DFiGXzuC8NC/
53,https://www.instagram.com/reel/DF7iCRlzmx2/
54,https://www.instagram.com/reel/DEXIKdDJ8xK/
55,https://www.instagram.com/reel/DCvbp6oJ92q/
56,https://www.instagram.com/reel/DGD52SUOknY/
57,https://www.instagram.com/p/DGEmhzsRwg5/
58,https://www.instagram.com/reel/DGL692AJ81i/
59,https://www.instagram.com/reel/DDJB2lRtVXY/
60,https://www.instagram.com/reel/DGABzx1MzVN/
61,https://www.instagram.com/reel/DFsJ3TmgbZ4/
62,https://www.instagram.com/reel/DFqlWCwStFV/
63,https://www.instagram.com/reel/DCCZyGwIRzJ/
64,https://www.instagram.com/reel/DGIgvYttXlw/
65,https://www.instagram.com/reel/DBgs3xZOnUn/
66,https://www.instagram.com/reel/DF-bNwtuOaw/
67,https://www.instagram.com/reel/DEunbRVIGwj/
68,https://www.instagram.com/reel/DCWNSxvv1wL/
69,https://www.instagram.com/reel/DBMjg9GJKhc/
70,https://www.instagram.com/reel/DAPqa5YIK6K/
71,https://www.instagram.com/reel/DCXcQMoNoOR/
72,https://www.instagram.com/reel/DBPSse9Pp_C/
73,https://www.instagram.com/reel/DESZTHjOQB9/
74,https://www.instagram.com/reel/DGU6HppNK7N/
75,https://www.instagram.com/reel/DGWxv2hgl_M/
76,https://www.instagram.com/reel/DFxa4siJJyp/
77,https://www.instagram.com/reel/DGQmkIYJXFO/
78,https://www.instagram.com/reel/DBwTCP2tJMZ/
79,https://www.instagram.com/reel/DF-NkSyJzcC/
80,https://www.instagram.com/reel/DGXDGYbR3Od/
81,https://www.instagram.com/reel/DFnmACroecd/
82,https://www.instagram.com/reel/DEVdFr9NoF9/
83,https://www.instagram.com/reel/DGOCM6eOTf1/
84,https://www.instagram.com/reel/DGhCSobtPcI/
85,https://www.instagram.com/reel/DFfdL92o8kj/
86,https://www.instagram.com/reel/DBZCSN-vkvI/
87,https://www.instagram.com/reel/DGYBdjRu6Ki/
88,https://www.instagram.com/p/DE8Sv8NBkNs/?img_index=5
89,https://www.instagram.com/reel/DDIAME6MhzY/
90,https://www.instagram.com/reel/DCyxBb-KSVR/
91,https://www.instagram.com/reel/DCOz0YTizRP/
92,https://www.instagram.com/p/DCj1nQhPArO/
93,https://www.instagram.com/p/DCb9wOFRiiH/?img_index=1
94,https://www.instagram.com/reel/DBbkA-Yin0N/
95,https://www.instagram.com/reel/DAlIO7-o5rA/
96,https://www.instagram.com/reel/DA194-HNHFr/
97,https://www.instagram.com/reel/DBAT82GSpWq/
98,https://www.instagram.com/reel/DBgtmokuGlI/
99,https://www.instagram.com/reel/DBbkC2ipb0j/
100,https://www.instagram.com/reel/DBgtjC0KtYi/
101,https://www.instagram.com/reel/C_OzB7PSebp/
102,https://www.instagram.com/reel/DA2cTION5xk/
103,https://www.instagram.com/reel/DBT0cvgRDkH/
104,https://www.instagram.com/reel/DBKGJpAttvC/
105,https://www.instagram.com/reel/DAQ63g0MAny/
106,https://www.instagram.com/reel/DBSE3ygycJf/
107,https://www.instagram.com/reel/DBSI2HUPQ61/
108,https://www.instagram.com/reel/DBOlP0YxMML/
109,https://www.instagram.com/reel/DAWKP7rvYW1/
110,https://www.instagram.com/reel/DA6spZOS7OX/
111,https://www.instagram.com/reel/DBQ4woWSlr2/
112,https://www.instagram.com/reel/DBRmA4jO55g/
113,https://www.instagram.com/p/DAH5iv4gm1j/
114,https://www.instagram.com/reel/DA1uKkevWRZ/
115,https://www.instagram.com/reel/DBTy33IN7FM/
116,https://www.instagram.com/reel/DATk6TxPr4C/
117,https://www.instagram.com/reel/DBR1Bt9x13m/
118,https://www.instagram.com/reel/DA8-VBnA0bc/
119,https://www.instagram.com/reel/DAb8U26S3ft/
120,https://www.instagram.com/reel/DBJhpCSP7rh/
121,https://www.instagram.com/reel/DAgqZqBS76p/
122,https://www.instagram.com/reel/DAqmePrxD4T/
123,https://www.instagram.com/p/DA6uZCRRGwI/
124,https://www.instagram.com/reel/DA4KKYzRLWU/
125,https://www.instagram.com/reel/DPJdNIpiBtz/?igsh=MWl5ZXpiM2MwYThtNg==
126,https://www.instagram.com/reel/DBDvJpnyNDZ/
127,https://www.instagram.com/reel/DAHYA5eyTQ5/
128,https://www.instagram.com/reel/C_JWisxJjf1/
129,https://www.instagram.com/reel/C9h8PAstvHC/
130,https://www.instagram.com/reel/C97jWfwsTfL/
131,https://www.instagram.com/reel/DAdmjE5p-0j/
132,https://www.instagram.com/reel/DAWJNFNtjkx/
133,https://www.instagram.com/reel/C9wtwVQRzxR/
134,https://www.instagram.com/reel/C9Kn56NMnGL/
135,https://www.instagram.com/reel/DAYoAo3O_bx/
136,https://www.instagram.com/reel/C-shmkpxyPw/
137,https://www.instagram.com/reel/DAisAGIR1zl/
138,https://www.instagram.com/reel/C_9Eg4PvnP8/
139,https://www.instagram.com/reel/C_a8BRNxQSg/
140,https://www.instagram.com/reel/C9wTxt1yN1J/
141,https://www.instagram.com/reel/DAg4Gh3yoI9/
142,https://www.instagram.com/reel/C-H8bU-uGZa/
143,https://www.instagram.com/reel/C_dg7-RNWm7/
144,https://www.instagram.com/reel/DAjpqjYvXzc/
145,https://www.instagram.com/reel/DAO3ycRPoyL/
146,https://www.instagram.com/reel/C_gW4GvOIwH/
147,https://www.instagram.com/reel/C-2mnxqStqX/
148,https://www.instagram.com/reel/DAdidMOA1Oy/
149,https://www.instagram.com/reel/C9xqqDWRP77/
150,https://www.instagram.com/reel/DAYJq4ISWO1/
151,https://www.instagram.com/reel/DAX_r6pMSLy/
152,https://www.instagram.com/reel/C-xkddxs4_G/
153,https://www.instagram.com/reel/C_qdobDOoHU/
154,https://www.instagram.com/reel/C-QFNetCXyS/
155,https://www.instagram.com/reel/C-HqCtav7fG/
156,https://www.instagram.com/reel/C_XxRxwAAcQ/
157,https://www.instagram.com/reel/C-ka9kySuDR/
158,https://www.instagram.com/reel/C__IRVaP3cH/
159,https://www.instagram.com/reel/C_ktF0rSRvO/
160,https://www.instagram.com/reel/DAJKntgupHG/
161,https://www.instagram.com/reel/C94wXQPyFQT/
162,https://www.instagram.com/reel/C-cZcSDsS-o/
163,https://www.instagram.com/reel/C__q-BmvshS/
164,https://www.instagram.com/reel/C_GKjihtv9k/
165,https://www.instagram.com/reel/C-fLCqDRa0G/
166,https://www.instagram.com/reel/DAO6N0Qv7lY/
167,https://www.instagram.com/reel/DAWYswBP6Ka/
168,https://www.instagram.com/reel/C9aLLi6irfB/
169,https://www.instagram.com/reel/DAOVaV9Io5M/
170,https://www.instagram.com/reel/C-NVyzPNuNH/
171,https://www.instagram.com/reel/DAE358Qv7dz/
172,https://www.instagram.com/reel/DAGPTsZMLlA/
173,https://www.instagram.com/reel/DALaIClRNR2/
174,https://www.instagram.com/reel/C-zbxRkCYLT/
175,https://www.instagram.com/reel/DAOG8zxOmeS/
176,https://www.instagram.com/reel/DAJOMPwNTjf/
177,https://www.instagram.com/reel/DAJGk9_Of02/
178,https://www.instagram.com/reel/DAKb16DRYA-/
179,https://www.instagram.com/p/C_zU4EjIzL4/
180,https://www.instagram.com/reel/C-vAUcJRXBb/
181,https://www.instagram.com/p/DAIytFyg9Mh/
182,https://www.instagram.com/reel/DAG4qg5yuFa/
183,https://www.instagram.com/reel/C_h1XclsE5q/
184,https://www.instagram.com/reel/C_DfuEgODTt/
185,https://www.instagram.com/reel/C87KG8pxkwr/
186,https://www.instagram.com/reel/C9dSaxEhEtr/
187,https://www.instagram.com/reel/C_-w1Z0M0yD/
188,https://www.instagram.com/reel/C_6iSgMyf6Y/
189,https://www.instagram.com/reel/DACXA4ttBUn/
190,https://www.instagram.com/reel/C-aEbSOyK97/
191,https://www.instagram.com/reel/C_4KfZxRiOb/
192,https://www.instagram.com/reel/C_lxZsRPSM4/
193,https://www.instagram.com/reel/C_pnu2OoTdo/
194,https://www.instagram.com/reel/C_3jfABtx2G/
195,https://www.instagram.com/reel/C--e966oNMz/
196,https://www.instagram.com/reel/C_VVk9jyxEy/
197,https://www.instagram.com/reel/C-3XIAfMeET/
198,https://www.instagram.com/reel/C--W3KfIxTY/
199,https://www.instagram.com/reel/C_bD-YPPDq9/
200,https://www.instagram.com/reel/C_lMJTARQGh/
201,https://www.instagram.com/reel/C_I85xBvg3l/
202,https://www.instagram.com/reel/C_VYix9ypyx/
203,https://www.instagram.com/reel/C_VQe1bJlw3/
204,https://www.instagram.com/reel/C_IQc-4yBWi/
205,https://www.instagram.com/reel/C_IqIKZPRHS/
206,https://www.instagram.com/reel/C-fGSSmOKBU/
207,https://www.instagram.com/reel/C9NQFCaN0Ti/
208,https://www.instagram.com/reel/C-xpKWNBipD/
209,https://www.instagram.com/p/C-qdCoBSs28/
210,https://www.instagram.com/reel/C_HINfuP3fR/
211,https://www.instagram.com/reel/C-5BZi0JafI/
212,https://www.instagram.com/reel/C-8EB0RC8nf/
213,https://www.instagram.com/reel/C-3cwK0vP6F/
214,https://www.instagram.com/reel/C-faBl5OAdL/
215,https://www.instagram.com/reel/C8Ug_4LKPKE/
216,https://www.instagram.com/reel/C9ugyPOJ4Q2/
217,https://www.instagram.com/reel/C-twgO-NURJ/
218,https://www.instagram.com/reel/C-kuhOSx3xa/
219,https://www.instagram.com/reel/C7XGylSPXry/
220,https://www.instagram.com/p/C-vIEPsOQ0e/
221,https://www.instagram.com/reel/C-K6CScN19T/
222,https://www.instagram.com/reel/C-k-mOBuMhz/
223,https://www.instagram.com/p/C-XkjeitZf5/
224,https://www.instagram.com/reel/C-I2VUvAd0u/
225,https://www.instagram.com/reel/C8usTK8sijE/
226,https://www.instagram.com/reel/C9hYKHEK9LF/
227,https://www.instagram.com/reel/C9780SluFCC/
228,https://www.instagram.com/reel/C-D3GuwsnTR/
229,https://www.instagram.com/reel/C-MbpPHA1Im/
230,https://www.instagram.com/p/C95AAi_yS3E/
231,https://www.instagram.com/reel/C95DQESMioE/
232,https://www.instagram.com/reel/C9-elCapf8-/
233,https://www.instagram.com/reel/C9w7U5zqJeN/
234,https://www.instagram.com/reel/C9QMNuAPnTT/
235,https://www.instagram.com/p/C9NGq1iRV8g/
236,https://www.instagram.com/reel/C9xMcVcssTW/
237,https://www.instagram.com/reel/C97NZaaS4Av/
238,https://www.instagram.com/reel/C9nnsrNBIbm/
239,https://www.instagram.com/p/C9f6Y-0vjrG/
240,https://www.instagram.com/reel/C4JiXygL8Sm/
241,https://www.instagram.com/reel/C4MF6rjOO1t/
242,https://www.instagram.com/reel/C5J2w3Xuslc/
243,https://www.instagram.com/reel/C6W-ux-uI2k/
244,https://www.instagram.com/reel/C7eHi3NuK2j/
245,https://www.instagram.com/reel/C9zhlduugfs/
246,https://www.instagram.com/reel/C9vJCAYoH2L/
247,https://www.instagram.com/reel/C7AKPWlvF2z/
248,https://www.instagram.com/reel/C9Swg0Tolsv/
249,https://www.instagram.com/reel/C9pnBlluWuH/
250,https://www.instagram.com/reel/C85OZfOPEpL/
251,https://www.instagram.com/reel/C9CdpHHNc8k/
252,https://www.instagram.com/reel/C9Jz3hAuSvH/
253,https://www.instagram.com/reel/C69pBZbxD7h/
254,https://www.instagram.com/reel/C8xswp5ptIT/
255,https://www.instagram.com/reel/C9XXW3eutv2/
256,https://www.instagram.com/reel/C9f11nrvnvz/
257,https://www.instagram.com/reel/C9ny1zpP_HD/
258,https://www.instagram.com/reel/C89tcMZNfLJ/
259,https://www.instagram.com/reel/C9nDWa2xabw/
260,https://www.instagram.com/reel/C9fZIa_PyAk/
261,https://www.instagram.com/reel/C9KXPq4O52I/
262,https://www.instagram.com/p/C9n2ECHOyMT/
263,https://www.instagram.com/reel/C9lMfW-PyjX/
264,https://www.instagram.com/reel/C9leV5tOmbG/
265,https://www.instagram.com/reel/C9j72qPOeAD/
266,https://www.instagram.com/reel/C7_2cSquewS/
267,https://www.instagram.com/reel/C9iW1WZPivC/
268,https://www.instagram.com/reel/C8h1ceqIaRK/
269,https://www.instagram.com/reel/C9fwQ6Tv3uE/
270,https://www.instagram.com/reel/C9dToPcvqgv/
271,https://www.instagram.com/reel/C9VaE3uthVP/
272,https://www.instagram.com/reel/C9ZxCf2uxM2/
273,https://www.instagram.com/reel/C9XtSJuuVxJ/
274,https://www.instagram.com/reel/C7oc-FhsvSG/
275,https://www.instagram.com/reel/C9NuqqhRY1K/
276,https://www.instagram.com/reel/C8_vny5pewv/
277,https://www.instagram.com/reel/C8zBMsKSlew/
278,https://www.instagram.com/reel/C8wZ9PXuhE7/
279,https://www.instagram.com/reel/C9P5YXEszhq/
280,https://www.instagram.com/reel/C9PoCj-ilja/
281,https://www.instagram.com/reel/CrAF2iVRZge/
282,https://www.instagram.com/reel/C9FcaPmsT36/
283,https://www.instagram.com/reel/C9IN_erMNYd/
284,https://www.instagram.com/reel/C8rvLXzol4e/
285,https://www.instagram.com/reel/C8lkA_EKhFQ/
286,https://www.instagram.com/reel/C6ctNPPL1mT/
287,https://www.instagram.com/reel/C7M34m6PqRK/
288,https://www.instagram.com/reel/C6pV41dL61p/
289,https://www.instagram.com/reel/C8exeg1u97z/
290,https://www.instagram.com/reel/C8e2Rq7Nx1h/
291,https://www.instagram.com/reel/C8XshnLvZ4S/
292,https://www.instagram.com/reel/C6KVmPcMttL/
293,https://www.instagram.com/reel/C5eqeSIuKro/
294,https://www.instagram.com/reel/C681j81uVMb/
295,https://www.instagram.com/reel/C8e4CxHRX7e/
296,https://www.instagram.com/reel/C8fu7FjsOZV/
297,https://www.instagram.com/reel/C8fXd7wPErT/
298,https://www.instagram.com/reel/C8XcnO5ipPY/
299,https://www.instagram.com/reel/C8Nrfo9pUP5/
300,https://www.instagram.com/reel/C7WiWkyI1Vb/
301,https://www.instagram.com/reel/C8MZ7W7xPWs/
302,https://www.instagram.com/reel/C71hAETx0ko/
303,https://www.instagram.com/p/C6tmgNyghCb/
304,https://www.instagram.com/reel/C7_UXWdttnq/
305,https://www.instagram.com/reel/C7W5ORdoz22/
306,https://www.instagram.com/reel/C8HsMK7hpey/
307,https://www.instagram.com/reel/C8GHb88uOg3/
308,https://www.instagram.com/reel/C6PN4NVOl4E/
309,https://www.instagram.com/reel/C6MzQJhMMWa/
310,https://www.instagram.com/reel/C7x3wcKOMB4/
311,https://www.instagram.com/reel/C7XFkzzO6z6/
312,https://www.instagram.com/reel/C6gdUNlOlw-/
313,https://www.instagram.com/reel/C74QjKyunJH/
314,https://www.instagram.com/reel/C6uYcQUO1f1/
315,https://www.instagram.com/reel/C7W0WNqui2H/
316,https://www.instagram.com/reel/C7NKpfnxb3F/
317,https://www.instagram.com/reel/C7o3rpOiLqg/
318,https://www.instagram.com/reel/C7CRANKt-LW/
319,https://www.instagram.com/reel/C6rNeTtpjRX/
320,https://www.instagram.com/reel/C7MaN8frl2j/
321,https://www.instagram.com/reel/C7ewZEqKQKL/
322,https://www.instagram.com/reel/C5ZKKefOCAJ/
323,https://www.instagram.com/reel/C6exAqaCxZ4/
324,https://www.instagram.com/reel/C7NRt1GOzBG/
325,https://www.instagram.com/reel/C6_m8YQCGCI/
326,https://www.instagram.com/reel/C4NSj21Op6B/
327,https://www.instagram.com/reel/C6roM7QuTHA/
328,https://www.instagram.com/reel/C6wpRVZPRnQ/
329,https://www.instagram.com/reel/C5OlNGJOl9V/
330,https://www.instagram.com/reel/C54gAd9tuJd/
331,https://www.instagram.com/reel/C6gxqHguuET/
332,https://www.instagram.com/reel/C4bJtUyu64x/
333,https://www.instagram.com/p/C6JbCzjOoIc/
334,https://www.instagram.com/p/C6EZt82rclg/
335,https://www.instagram.com/reel/C6ma23PJ-wJ/
336,https://www.instagram.com/reel/C6L47NuArnX/
337,https://www.instagram.com/reel/C6ZqOnyuKus/
338,https://www.instagram.com/p/C41MZx1gR63/
339,https://www.instagram.com/reel/C6Bhxu1LMqz/
340,https://www.instagram.com/reel/C6SCc64pcFk/
341,https://www.instagram.com/reel/C6FEW4hoMBO/
342,https://www.instagram.com/reel/C3-mC62tp6A/
343,https://www.instagram.com/reel/C36UwBJtDtp/
344,https://www.instagram.com/p/C58bLhWNQPp/
345,https://www.instagram.com/reel/C4fxNVor0Ig/
346,https://www.instagram.com/reel/C4ZA0GJseUc/
347,https://www.instagram.com/reel/C53DyatgXZt/
348,https://www.instagram.com/reel/C33c_ofJpV9/
349,https://www.instagram.com/reel/C5wViJvvNkv/
350,https://www.instagram.com/reel/C51vTYGpFKX/
351,https://www.instagram.com/reel/C53epU3rWsG/
352,https://www.instagram.com/reel/C5RTNnbAwGs/
353,https://www.instagram.com/reel/C32k__YuTF_/
354,https://www.instagram.com/reel/C5osTHKvJE5/
355,https://www.instagram.com/reel/C5qWkcwKKQk/
356,https://www.instagram.com/reel/C5gzlAEKYTf/
357,https://www.instagram.com/reel/C4ML4NSrruZ/
358,https://www.instagram.com/reel/C4yQF-7CIlt/
359,https://www.instagram.com/reel/C5TGIZ3OH2b/
360,https://www.instagram.com/reel/C4f0coZryjf/
361,https://www.instagram.com/reel/C5rXgt6OdpF/
362,https://www.instagram.com/reel/C4tuY1MvbcM/
363,https://www.instagram.com/reel/C5WLaZ2Lb8M/
364,https://www.instagram.com/reel/C4afisrOnaT/
365,https://www.instagram.com/reel/C47xaX3C6c8/
366,https://www.instagram.com/reel/C5qmRRNLxGR/
367,https://www.instagram.com/reel/C5WvieZv1tr/
368,https://www.instagram.com/reel/C5f4QBVOo1q/
369,https://www.instagram.com/reel/C357BPsPL3Q/
370,https://www.instagram.com/reel/C38SyttJj8v/
371,https://www.instagram.com/reel/C4Rc27qPBBN/
372,https://www.instagram.com/reel/C5J1x6eqpVU/
373,https://www.instagram.com/reel/C5VDTJ_tcTP/
374,https://www.instagram.com/reel/C5WpafMx8Yz/
375,https://www.instagram.com/reel/C4xxwVPIWiV/
376,https://www.instagram.com/reel/C4z8rgfB-B_/
377,https://www.instagram.com/reel/C40hm-POXMD/
378,https://www.instagram.com/reel/C5WAo32utVH/
379,https://www.instagram.com/reel/C5S-G_9o3NB/
380,https://www.instagram.com/reel/C5WqekSvW-Q/
381,https://www.instagram.com/reel/C4gkMkfpqo6/
382,https://www.instagram.com/reel/C5UMtbWOxCi/
383,https://www.instagram.com/reel/C5OO5itMcMO/
384,https://www.instagram.com/reel/C5Qf2ZuPFzW/
385,https://www.instagram.com/reel/C5RKrPnIlqA/
386,https://www.instagram.com/reel/C5Qiq63r-H1/
387,https://www.instagram.com/reel/C4tAVIOLd27/
388,https://www.instagram.com/reel/C49BNW6Ltfh/
389,https://www.instagram.com/p/C5C7h_OOe3A/
390,https://www.instagram.com/reel/C1vVaqSBR-i/
391,https://www.instagram.com/p/C5AG2GZosdh/
392,https://www.instagram.com/p/CxiWaz4AP5r/
393,https://www.instagram.com/reel/C47dwowIi_g/
394,https://www.instagram.com/reel/C3sac3vMwp1/
395,https://www.instagram.com/reel/C4wI7ZZpJ3a/
396,https://www.instagram.com/reel/C4sZiB_PRdv/
397,https://www.instagram.com/reel/C3NcbpMRUD5/
398,https://www.instagram.com/reel/C22RDR1NvHp/
399,https://www.instagram.com/reel/C49Mn9LOiHx/
400,https://www.instagram.com/reel/C4TJA6Et3KP/
401,https://www.instagram.com/p/C5COiW9rUye/
402,https://www.instagram.com/reel/C5DY4kBPQq_/
403,https://www.instagram.com/reel/C40Lv7wvxMm/
404,https://www.instagram.com/reel/C4dXTDILRMK/
405,https://www.instagram.com/reel/C4G62e4Oyyo/
406,https://www.instagram.com/reel/C5Bba-Hr2Ar/
407,https://www.instagram.com/reel/C4p78aXPxhx/
408,https://www.instagram.com/reel/C49DzawOOyI/
409,https://www.instagram.com/reel/C436molRuHs/
410,https://www.instagram.com/reel/C4yKe2nIYFr/
411,https://www.instagram.com/reel/C3kENUDtFP2/
412,https://www.instagram.com/reel/C4lCGLlMcze/
413,https://www.instagram.com/reel/C4lSIEBAWFu/
414,https://www.instagram.com/reel/C4qcaQ4CRxp/
415,https://www.instagram.com/reel/C40cIqOI5oO/
416,https://www.instagram.com/reel/C48PBKYsdGH/
417,https://www.instagram.com/reel/C45ZTJdRp-D/
418,https://www.instagram.com/reel/C47tNYKNhIu/
419,https://www.instagram.com/reel/C4wArcFxB49/
420,https://www.instagram.com/reel/C43EcmiLVvy/
421,https://www.instagram.com/reel/C4c6Z1ZygNz/
422,https://www.instagram.com/reel/C46fZLKPyqF/
423,https://www.instagram.com/p/C4LNZhfL0Lq/
424,https://www.instagram.com/reel/C40OriZOhwD/
425,https://www.instagram.com/p/C4viFqriTB1/
426,https://www.instagram.com/p/C44J6m8NiQf/
427,https://www.instagram.com/p/C4vYaznrVEW/
428,https://www.instagram.com/p/CtEPow8Knhn/
429,https://www.instagram.com/reel/C4vRhxNLk1M/
430,https://www.instagram.com/p/C4JAqz3NaV3/
431,https://www.instagram.com/reel/C4oCqfruuA7/
432,https://www.instagram.com/reel/C4iJLfjIIVk/
433,https://www.instagram.com/reel/C4G5dMiyEsX/
434,https://www.instagram.com/reel/C4edZYFtJyD/
435,https://www.instagram.com/reel/C2rqsEBR2_x/
436,https://www.instagram.com/reel/C4gfQ9WJwQK/
437,https://www.instagram.com/reel/C4HFTl5v3lN/
438,https://www.instagram.com/reel/C3DINpRrJhN/
439,https://www.instagram.com/reel/C4HRNvwLQJW/
440,https://www.instagram.com/reel/C2FcstOx36x/
441,https://www.instagram.com/reel/C4Oh4tbAjbC/
442,https://www.instagram.com/reel/C4IcemuPCd0/
443,https://www.instagram.com/reel/C2cZ2Kgg01i/
444,https://www.instagram.com/reel/C4Sv2iZowUH/
445,https://www.instagram.com/reel/C4PtMyAMiKv/
446,https://www.instagram.com/reel/C3q5ALWubDg/
447,https://www.instagram.com/reel/C4Qm0pYL57V/
448,https://www.instagram.com/reel/C4RFRsYSnXG/
449,https://www.instagram.com/reel/C4A6BLBtu8i/
450,https://www.instagram.com/reel/C4Iwf4aJ4Zn/
451,https://www.instagram.com/reel/C4O4A96rMtR/
452,https://www.instagram.com/reel/C35l4QvMrpA/
453,https://www.instagram.com/reel/C37u8LGtCIM/
454,https://www.instagram.com/reel/C2fYcvSNdpH/
455,https://www.instagram.com/reel/C3-n1llr1O_/
456,https://www.instagram.com/p/C3tD1RouITO/
457,https://www.instagram.com/reel/C4A7StIuJZO/
458,https://www.instagram.com/reel/C3-I-jfLXWJ/
459,https://www.instagram.com/reel/C37alhROu-T/
460,https://www.instagram.com/reel/C34Cp5jrROW/
461,https://www.instagram.com/reel/C3-XunYOs-E/
462,https://www.instagram.com/p/C3_KgkgNz-E/
463,https://www.instagram.com/reel/C3nqR-TLOgk/
464,https://www.instagram.com/reel/C1t1gFyI9rx/
465,https://www.instagram.com/reel/C0tu02wqBKd/
466,https://www.instagram.com/reel/C3bEU6Wg0O8/
467,https://www.instagram.com/reel/C32wEatib9C/
468,https://www.instagram.com/reel/C3aXCgnBhij/
469,https://www.instagram.com/reel/C2ctjzsLDZ6/
470,https://www.instagram.com/reel/C2-_D7-uEdA/
471,https://www.instagram.com/reel/C2yE3HIuRM3/
472,https://www.instagram.com/reel/C3LmNVUu314/
473,https://www.instagram.com/reel/C3Px5Tlu7T0/
474,https://www.instagram.com/reel/C3Gg7yqxi3-/
475,https://www.instagram.com/reel/C3sTOu6ub9p/
476,https://www.instagram.com/reel/C3f1y8fP-4j/
477,https://www.instagram.com/reel/C3nF-VfsxlQ/
478,https://www.instagram.com/reel/C3n8sqdvtwJ/
479,https://www.instagram.com/reel/C3aidvnrjH_/
480,https://www.instagram.com/reel/C3n17O7PHmX/
481,https://www.instagram.com/reel/C3sHv2NPbV6/
482,https://www.instagram.com/reel/C3oGw2SPJVz/
483,https://www.instagram.com/reel/C176r-mvEtO/
484,https://www.instagram.com/reel/C0g1tVdSzqf/
485,https://www.instagram.com/reel/C2PuvXKMLZb/
486,https://www.instagram.com/reel/C3fg9NkAnpu/
487,https://www.instagram.com/reel/C2Q7VURAsvS/
488,https://www.instagram.com/reel/C2uogJMNW8x/
489,https://www.instagram.com/reel/C3lIfQgucnc/
490,https://www.instagram.com/reel/C2MlnNsvotQ/
491,https://www.instagram.com/reel/C3d1eGHOgBM/
492,https://www.instagram.com/reel/C3SlVl0hKLo/
493,https://www.instagram.com/reel/C0b7EhuuZV9/
494,https://www.instagram.com/reel/C3Yo2jOurf5/
495,https://www.instagram.com/reel/C0WgkcgPOe2/
496,https://www.instagram.com/reel/C2ziyLXM9jI/
497,https://www.instagram.com/reel/C1nJjjYP_hX/
498,https://www.instagram.com/reel/C22igukLyPD/
499,https://www.instagram.com/reel/C2E-qZ4gEgy/
500,https://www.instagram.com/reel/C2ebR7HN1PS/
501,https://www.instagram.com/reel/C2hGq5qOV6S/
502,https://www.instagram.com/reel/C3AlR4FIcSf/
503,https://www.instagram.com/reel/C0ManCyOwhG/
504,https://www.instagram.com/reel/C3TcNZnLYM_/
505,https://www.instagram.com/p/C27zW4HvBQ_/
506,https://www.instagram.com/reel/C3WhfjWJOHa/
507,https://www.instagram.com/reel/C29myrvPgEE/
508,https://www.instagram.com/p/C2-0TOQIxeg/
509,https://www.instagram.com/reel/Cz5uvneyhMX/
510,https://www.instagram.com/reel/C3ILi4AMkZ-/
511,https://www.instagram.com/reel/C1_H8vPCUkh/
512,https://www.instagram.com/reel/C22sqZhO8rm/
513,https://www.instagram.com/reel/C2KQE1IvAr_/
514,https://www.instagram.com/p/C3MsWjuujwa/
515,https://www.instagram.com/reel/C1O0odWJrbP/
516,https://www.instagram.com/reel/C3GC0WBxf_I/
517,https://www.instagram.com/reel/C2yWH8xLA74/
518,https://www.instagram.com/reel/C1nbS43vEde/
519,https://www.instagram.com/reel/C10DABAPoSA/
520,https://www.instagram.com/reel/C3DXW4XodnB/
521,https://www.instagram.com/reel/C3M9PSqijYQ/
522,https://www.instagram.com/reel/C2kUGRNyA8Z/
523,https://www.instagram.com/reel/C0_4hFDS_hk/
524,https://www.instagram.com/reel/CzwCbWToNg3/
525,https://www.instagram.com/p/C3D1QggO1Tl/
526,https://www.instagram.com/reel/C14aWwVrwxl/
527,https://www.instagram.com/reel/C23cRZnpZpy/
528,https://www.instagram.com/reel/C210NuRixCb/
529,https://www.instagram.com/reel/C22i-XasVtz/
530,https://www.instagram.com/reel/C2upLhBhtWX/
531,https://www.instagram.com/reel/C3AdgysocnE/
532,https://www.instagram.com/reel/C1uai5fOM0c/
533,https://www.instagram.com/reel/C2w-_9Py1PA/
534,https://www.instagram.com/reel/C2w_kvwISIj/
535,https://www.instagram.com/reel/C2vYUEsunxU/
536,https://www.instagram.com/reel/C17M4KVOya5/
537,https://www.instagram.com/reel/C2kcThoiFqb/
538,https://www.instagram.com/reel/C2i5ECExWKH/
539,https://www.instagram.com/reel/C1KMIWIrK1R/
540,https://www.instagram.com/reel/C1wg9NjuoTV/
541,https://www.instagram.com/p/C2FL2YvuIs9/
542,https://www.instagram.com/p/C2FdsVLg8tx/
543,https://www.instagram.com/reel/C1JdlRyhWsK/
544,https://www.instagram.com/p/C1zXKNsvVBT/
545,https://www.instagram.com/p/CxDrKM4r0k5/
546,https://www.instagram.com/p/C19aJoTN3zJ/
547,https://www.instagram.com/reel/C1weQgNSGlk/
548,https://www.instagram.com/reel/C1hf_GxOP11/
549,https://www.instagram.com/reel/C1573wTOz8b/
550,https://www.instagram.com/reel/C1SlLyRyQ8L/
551,https://www.instagram.com/reel/C1kmvhOyrXF/
552,https://www.instagram.com/p/C2AfRZmLCUF/
553,https://www.instagram.com/reel/C15X3lGvbwt/
554,https://www.instagram.com/reel/C1-ZWdLp9j1/
555,https://www.instagram.com/reel/C14mntmLgfi/
556,https://www.instagram.com/reel/C19C4ysOc0P/
557,https://www.instagram.com/reel/C0EAaKYxFb5/
558,https://www.instagram.com/reel/C1AIQazLX00/
559,https://www.instagram.com/reel/CzMGX8qr81z/
560,https://www.instagram.com/reel/CzWao8NsSwW/
561,https://www.instagram.com/reel/C0n_xz2ISg5/
562,https://www.instagram.com/reel/C1hTWytug0k/
563,https://www.instagram.com/reel/C1D5COerMBO/
564,https://www.instagram.com/reel/CzWK_Lry7t6/
565,https://www.instagram.com/reel/Cz6uohmuy7Z/
566,https://www.instagram.com/reel/C1FjWd_J1jh/
567,https://www.instagram.com/reel/C12ymkRORe6/
568,https://www.instagram.com/reel/C16Z0vhIP5_/
569,https://www.instagram.com/reel/C1ICh0GJI0S/
570,https://www.instagram.com/reel/Cz4np6HuA-C/
571,https://www.instagram.com/reel/C1UWeJPI8HY/
572,https://www.instagram.com/reel/C0rt-nqvedP/
573,https://www.instagram.com/reel/C1uTQzxtfzu/
574,https://www.instagram.com/reel/C1MxLfZMh8U/
575,https://www.instagram.com/reel/CzujcNQrBEn/
576,https://www.instagram.com/reel/CzvmmWwphlU/
577,https://www.instagram.com/reel/Czd4jAILNyi/
578,https://www.instagram.com/reel/C14upXwNndx/
579,https://www.instagram.com/reel/C0jcnGui4DP/
580,https://www.instagram.com/reel/C09nwElNQYR/
581,https://www.instagram.com/reel/C1ykjcDsEPp/
582,https://www.instagram.com/reel/C1XddpasLFD/
583,https://www.instagram.com/reel/Cz-osMyoWqn/
584,https://www.instagram.com/reel/C07pA9_MhSD/
585,https://www.instagram.com/reel/C1T3imIpro9/
586,https://www.instagram.com/reel/C0MjrUnA9xG/
587,https://www.instagram.com/p/C13_ciUuwzU/
588,https://www.instagram.com/p/C11kNn_uVcU/
589,https://www.instagram.com/p/C1XvRptgUy1/
590,https://www.instagram.com/p/C1LCL2GCZQt/
591,https://www.instagram.com/reel/Cx3r3WZv01Y/
592,https://www.instagram.com/reel/Cv-ivT3r9yG/
593,https://www.instagram.com/reel/CwTuSgyBLTG/
594,https://www.instagram.com/reel/CxLVDwTr5gn/
595,https://www.instagram.com/reel/CxAO2KpJXIV/
596,https://www.instagram.com/reel/CwkWXBAuaZv/
597,https://www.instagram.com/reel/CxcdVVaPQlO/
598,https://www.instagram.com/reel/CvbCWsBtrWO/
599,https://www.instagram.com/reel/Cw05bOjubVl/
600,https://www.instagram.com/reel/Cug8vrJRR-_/
601,https://www.instagram.com/p/CvcJXxMu21G/
602,https://www.instagram.com/p/Cukm-xBOSEs/
603,https://www.instagram.com/reel/CtB4b89hcS2/
604,https://www.instagram.com/reel/CtoPVpiA_Nk/
605,https://www.instagram.com/reel/CuH7PxTI_dK/
606,https://www.instagram.com/reel/Ct-A_PEtvgU/
607,https://www.instagram.com/p/CtzBluKJz5W/
608,https://www.instagram.com/p/Cs1-cYALi6C/
609,https://www.instagram.com/reel/CrTtYnMJW_U/
610,https://www.instagram.com/reel/CpODv_XMKH5/
611,https://www.instagram.com/reel/Cm9iNCXhuJf/
612,https://www.instagram.com/reel/CqN7l5-gAW-/
613,https://www.instagram.com/reel/Cng29g4jnhj/
614,https://www.instagram.com/reel/Cp3vQLMg-C9/
615,https://www.instagram.com/reel/CpGZ9CVDbMC/
616,https://www.instagram.com/reel/CoH2eQ7PRgU/
617,https://www.instagram.com/reel/CqBxSt0gnpg/
618,https://www.instagram.com/reel/CpTaptgA8XQ/
619,https://www.instagram.com/reel/CqbcBltgrOZ/
620,https://www.instagram.com/reel/CnZkFK8MHVL/
621,https://www.instagram.com/p/Ck1osMFj2tG/
622,https://www.instagram.com/reel/Cj3N60eqvzz/
623,https://www.instagram.com/reel/CL1xlaJJrTb/
624,https://www.instagram.com/reel/CJ2OmhxDn6R/
625,https://www.instagram.com/p/CFPIHwJHZaa/
626,https://www.instagram.com/reel/DGfr7yaxsPy/
627,https://www.instagram.com/reel/DGfmnFasfDW/
628,https://www.instagram.com/reel/DD5SQ98y1Gn/
629,https://www.instagram.com/reel/C_77fWAyEQ2/
630,https://www.instagram.com/p/DGRPlIKyRvC/?img_index=4
631,https://www.instagram.com/reel/DCOo3o0yzGC/
632,https://www.instagram.com/reel/DD4WdMhTJSC/
633,https://www.instagram.com/p/DF6PE1JM3s3/
634,https://www.instagram.com/reel/DDwgE1JIT0H/
635,https://www.instagram.com/reel/DCmiyYoyzD6/
636,https://www.instagram.com/reel/DGY1JOSyyOT/
637,https://www.instagram.com/reel/DB38HYqRCrO/
638,https://www.instagram.com/reel/DE4xBPux2hs/
639,https://www.instagram.com/reel/DCym_PpyiT0/
640,https://www.instagram.com/reel/DEplVoEvFcJ/
641,https://www.instagram.com/p/C-G3suTNrLx/
642,https://www.instagram.com/reel/DFQ8jiKPJ8o/
643,https://www.instagram.com/reel/DGqR0tyosMt/
644,https://www.instagram.com/reel/DGvF22YxQPS/
645,https://www.instagram.com/reel/DBd18MVqE7n/
646,https://www.instagram.com/p/DGdbC9dgBIA/
647,https://www.instagram.com/p/DGgrYeMx0Ek/
648,https://www.instagram.com/reel/DEII3ltRhvy/
649,https://www.instagram.com/reel/DGsXZIJoHvS/
650,https://www.instagram.com/reel/DGsMTUlR8O_/
651,https://www.instagram.com/p/DGiozjDx7w9/?img_index=1
652,https://www.instagram.com/reel/DA3g9WbJawi/
653,https://www.instagram.com/p/C8fEm55AciF/
654,https://www.instagram.com/reel/DEXeYiLJwhh/
655,https://www.instagram.com/p/DGMS0Z4NgWa/?img_index=3
656,https://www.instagram.com/reel/DGx4U-6peiL/
657,https://www.instagram.com/p/DGdtEXQRZfu/
658,https://www.instagram.com/reel/DG6B2-cMzKz/
659,https://www.instagram.com/reel/DGAnNPciXGL/
660,https://www.instagram.com/reel/DHD-oMuOeZC/
661,https://www.instagram.com/reel/DGVsxU4RxS7/
662,https://www.instagram.com/p/DHDutJVNK5-/
663,https://www.instagram.com/reel/DA_mW1AsYdv/
664,https://www.instagram.com/reel/DG2lkJktVMA/
665,https://www.instagram.com/reel/DFRzfLvyfUl/
666,https://www.instagram.com/reel/DF_X8ubtnFY/
667,https://www.instagram.com/reel/DFr73S2Tj-U/
668,https://www.instagram.com/reel/DAKzLJYM0LW/
669,https://www.instagram.com/reel/DBWjtgasBAb/
670,https://www.instagram.com/reel/DBHmDlBugM5/
671,https://www.instagram.com/reel/DCRjVeXP-WK/
672,https://www.instagram.com/reel/DAxfwQmsalE/
673,https://www.instagram.com/reel/DEOOfQyS9hW/
674,https://www.instagram.com/p/DHWu5f6MPDU/
675,https://www.instagram.com/reel/DF7f4J9ir8u/
676,https://www.instagram.com/reel/DHV47UPJJQe/
677,https://www.instagram.com/reel/DHYVhZANdDM/
678,https://www.instagram.com/reel/DHljJuoRScR/
679,https://www.instagram.com/reel/DF-IW4UC_lF/
680,https://www.instagram.com/p/DGvD0cbM1rE/
681,https://www.instagram.com/reel/DHaspDkRV34/
682,https://www.instagram.com/reel/DF7LJlDA1ht/
683,https://www.instagram.com/reel/DHUbmSMvleH/
684,https://www.instagram.com/reel/DHu2LuXRRM2/
685,https://www.instagram.com/reel/DG4hsSLI0jJ/
686,https://www.instagram.com/reel/DHwdtRUJmPS/
687,https://www.instagram.com/reel/DH4fhv3P40e/
688,https://www.instagram.com/reel/DHoViYlpIbS/
689,https://www.instagram.com/reel/DGBBbY5xDAu/
690,https://www.instagram.com/reel/DF4vVgXJVEc/
691,https://www.instagram.com/reel/DBed0NzMqAM/
692,https://www.instagram.com/reel/DG_dBkovyJo/
693,https://www.instagram.com/p/DH4dJjcM6cO/?img_index=5
694,https://www.instagram.com/p/DH_YeKSxs6j/?img_index=5
695,https://www.instagram.com/reel/DGlusYGNNTt/
696,https://www.instagram.com/reel/DHOTS3fobpc/
697,https://www.instagram.com/p/DHoq1QrA6-p/
698,https://www.instagram.com/reel/DFnTubfiUAl/
699,https://www.instagram.com/p/DHhF80OS9cc/?img_index=4
700,https://www.instagram.com/p/DHcbpcpgvwY/
701,https://www.instagram.com/reel/DIW_UnXScka/
702,https://www.instagram.com/reel/DIWjAp_x2Fc/
703,https://www.instagram.com/reel/DG6Zr65xZoZ/
704,https://www.instagram.com/reel/DHDv9uKNhJY/
705,https://www.instagram.com/reel/DHL5MIgJMgg/
706,https://www.instagram.com/reel/DG7CUwrxFgs/
707,https://www.instagram.com/reel/DIRcEiesjkr/
708,https://www.instagram.com/reel/DHdp9aeCJO3/
709,https://www.instagram.com/reel/DICDotHPsu8/
710,https://www.instagram.com/reel/DESSpb-M_Tl/
711,https://www.instagram.com/reel/DIPS4KESHxH/
712,https://www.instagram.com/reel/DHliKSwR6LW/
713,https://www.instagram.com/reel/DD0K4_FStJN/
714,https://www.instagram.com/reel/DF09cudyZvL/
715,https://www.instagram.com/reel/DHWCm3kJjeB/
716,https://www.instagram.com/reel/DIoQ8NgyZeA/
717,https://www.instagram.com/reel/DHejiVHSiRR/
718,https://www.instagram.com/p/DI1BqYTv1zJ/?img_index=6
719,https://www.instagram.com/reel/DI4MIMngeJM/
720,https://www.instagram.com/reel/DB8rntOOfam/
721,https://www.instagram.com/reel/DH1Kk63PJQA/
722,https://www.instagram.com/reel/DIWfGJIR8Yw/
723,https://www.instagram.com/reel/DIw7GEcviJt/
724,https://www.instagram.com/rabbitnations
725,https://www.instagram.com/reel/DG4iTVTR3fP/
726,https://www.instagram.com/reel/DHmhpKXIhVJ/
727,https://www.instagram.com/reel/DHl1BoRRIvF/
728,https://www.instagram.com/reel/DHJGSYMApvx/
729,https://www.instagram.com/reel/DIdtaKlRQVV/
730,https://www.instagram.com/reel/DI1PeCvuR_L/
731,https://www.instagram.com/p/DI-BwSfzSrV/?img_index=2
732,https://www.instagram.com/reel/DJXmfmFPrYb/
733,https://www.instagram.com/reel/DI_s3Tqxi4l/
734,https://www.instagram.com/reel/DJjeB4euCnx/
735,https://www.instagram.com/reel/DJRVd3GNFpm/
736,https://www.instagram.com/reel/DHvZN1ax8vi/
737,https://www.instagram.com/reel/DJY7sGFONvy/
738,https://www.instagram.com/reel/DJg-rEbTg0u/
739,https://www.instagram.com/reel/DJXSdisyrRG/
740,https://www.instagram.com/reel/DEKntA0Nzsx/
741,https://www.instagram.com/reel/DFar7VgvMo9/
742,https://www.instagram.com/reel/DJXYcdfhMlx/
743,https://www.instagram.com/reel/DEgmO1KJe5R/
744,https://www.instagram.com/reel/DJmKkXoRrpP/
745,https://www.instagram.com/reel/DIqBFLUNzbu/
746,https://www.instagram.com/reel/DIp4gzBzt2I/
747,https://www.instagram.com/p/DJjrfB-O-nj/?img_index=5
748,https://www.instagram.com/reel/DHfP9sGSktK/
749,https://www.instagram.com/reel/DIWWgiQxzJK/
750,https://www.instagram.com/reel/DIyeQa1Pjvb/
751,https://www.instagram.com/reel/DH80Ko9Mi2p/
752,https://www.instagram.com/reel/DHlHV8Yqk1P/
753,https://www.instagram.com/reel/DIjUwpYM9Wz/
754,https://www.instagram.com/reel/DJvEm76KiBs/
755,https://www.instagram.com/reel/DJUqIvxpFGe/
756,https://www.instagram.com/p/DJpJYjaMUrR/?img_index=3
757,https://www.instagram.com/reel/DJuOoN0t2Da/
758,https://www.instagram.com/reel/DF0vC6-SImi/
759,https://www.instagram.com/reel/DKIgjnDtuAz/
760,https://www.instagram.com/reel/DJv2RnBttPn/
761,https://www.instagram.com/reel/DKXMh0KPLRh/
762,https://www.instagram.com/reel/DJNIxHYRQXc/
763,https://www.instagram.com/reel/DF8NcunsxJp/
764,https://www.instagram.com/reel/DJtWCoyqnFU/
765,https://www.instagram.com/reel/DKXCUu7MVtc/
766,https://www.instagram.com/reel/DKUWwCDs8PX/
767,https://www.instagram.com/reel/DKZusn9uldy/
768,https://www.instagram.com/reel/DH1NpOrOpfw/
769,https://www.instagram.com/reel/DFX3wYCRseu/
770,https://www.instagram.com/reel/DIR39Pqh3JO/
771,https://www.instagram.com/reel/DEFY1IWMn9r/
772,https://www.instagram.com/p/DKCJqmfOj4-/?img_index=7
773,https://www.instagram.com/reel/DKShdKWvAVP/
774,https://www.instagram.com/reel/DE1bET6SppH/
775,https://www.instagram.com/reel/DKjuZQHzKsN/
776,https://www.instagram.com/reel/DDa5U7iPhoy/
777,https://www.instagram.com/reel/DKToJ8XSC7S/
778,https://www.instagram.com/reel/DHXLZ4GSxvg/
779,https://www.instagram.com/reel/DKdbfOGxS3i/
780,https://www.instagram.com/reel/DIilbTPO8O1/
781,https://www.instagram.com/reel/DDfT1irx2tY/
782,https://www.instagram.com/reel/DFw2EhhCJvK/
783,https://www.instagram.com/reel/DD7PvwZSyN7/
784,https://www.instagram.com/reel/DInA276PvHG/
785,https://www.instagram.com/reel/DF8COZUSsbe/
786,https://www.instagram.com/reel/DJeZ880uJmN/
787,https://www.instagram.com/reel/DFInbgbtVbn/
788,https://www.instagram.com/reel/DI_BkTzp_zT/
789,https://www.instagram.com/reel/DJRXsf6hzks/
790,https://www.instagram.com/reel/DJ1tnMTR7-g/
791,https://www.instagram.com/reel/DKh3UE8orRp/
792,https://www.instagram.com/reel/DKcundqSdG3/
793,https://www.instagram.com/reel/DKJdH1qT0UF/
794,https://www.instagram.com/reel/DKaM_wfOTAz/
795,https://www.instagram.com/reel/DJcCdXEOGg_/
796,https://www.instagram.com/reel/DKUdpjztP1E/
797,https://www.instagram.com/reel/DFclaRKTW63/
798,https://www.instagram.com/reel/DFAAtWJR-Ux/
799,https://www.instagram.com/reel/DItaIz1BYiS/
800,https://www.instagram.com/reel/DKen-SxhFHg/
801,https://www.instagram.com/reel/DKlovmXy51H/
802,https://www.instagram.com/reel/DKo7qYapzM0/
803,https://www.instagram.com/reel/DKj4kaVpsRm/
804,https://www.instagram.com/reel/DKcSlITTjtU/
805,https://www.instagram.com/reel/DIOXDPeMs8V/
806,https://www.instagram.com/reel/DJ9AYJFts4m/
807,https://www.instagram.com/reel/DKry8tfsc3k/
808,https://www.instagram.com/reel/DKw64V9xy2V/
809,https://www.instagram.com/reel/DKenSv2NlF2/
810,https://www.instagram.com/reel/DFybBptsMBi/
811,https://www.instagram.com/reel/DKCu0C_N-b0/
812,https://www.instagram.com/reel/DK4xzIjiE2s/
813,https://www.instagram.com/reel/DKXd068hfG_/
814,https://www.instagram.com/reel/DLBRtqhxra-/
815,https://www.instagram.com/reel/DI_TkfgT8xg/
816,https://www.instagram.com/reel/DKaCnpeiDno/
817,https://www.instagram.com/reel/DJ0RvVSMFbD/
818,https://www.instagram.com/reel/DJDgo9MAamb/
819,https://www.instagram.com/reel/DK-8cSWqjCm/
820,https://www.instagram.com/reel/DLGykdty6fx/
821,https://www.instagram.com/reel/DLFe7oeRNIH/
822,https://www.instagram.com/reel/DLNl1vZoVtM/
823,https://www.instagram.com/p/DLNZZMlsxOC/?img_index=3
824,https://www.instagram.com/reel/DLM2qIGBz77/
825,https://www.instagram.com/reel/DLJg7YNsyHJ/
826,https://www.instagram.com/reel/DIRc3A6K7e5/
827,https://www.instagram.com/reel/DLDPrvWpstd/
828,https://www.instagram.com/reel/DK8HyaeR95V/
829,https://www.instagram.com/reel/DLIckM2AaIU/
830,https://www.instagram.com/reel/DK-BgCmtHMQ/
831,https://www.instagram.com/reel/DF_YaCLNNUm/
832,https://www.instagram.com/reel/DKBG3g1IsgN/
833,https://www.instagram.com/reel/DKItjgzSADb/
834,https://www.instagram.com/reel/DLPPxpbNVFU/
835,https://www.instagram.com/reel/DJyKObptwo1/
836,https://www.instagram.com/reel/DLO4LfStXdV/
837,https://www.instagram.com/reel/DIZzeYVSkHS/
838,https://www.instagram.com/p/DLZ1B3oONbs/?img_index=5
839,https://www.instagram.com/reel/DFtaoFKNKcf/
840,https://www.instagram.com/reel/DJhJe49Icqe/
841,https://www.instagram.com/p/DLXKqljvMWz/?img_index=6
842,https://www.instagram.com/reel/DJbsmaaSE1d/
843,https://www.instagram.com/reel/DLDP-94TkaF/
844,https://www.instagram.com/reel/DFBX_cTtqCe/
845,https://www.instagram.com/reel/DHJvVmCTG10/
846,https://www.instagram.com/reel/DK8IfalP5lV/
847,https://www.instagram.com/reel/DK8oPj9N3D-/
848,https://www.instagram.com/reel/DFYHOlns59f/
849,https://www.instagram.com/reel/DHGnG4NM2TQ/
850,https://www.instagram.com/reel/DHJXfCaJGbJ/
851,https://www.instagram.com/reel/DFYoP42ysFG/
852,https://www.instagram.com/reel/DKAEIu_MgoN/
853,https://www.instagram.com/reel/DJrcPUjtENE/
854,https://www.instagram.com/p/DLnR1leRuq0/
855,https://www.instagram.com/p/DKz9f_rvOCC/
856,https://www.instagram.com/reel/DLla4LUICKv/
857,https://www.instagram.com/reel/DGjlznFRXhb/
858,https://www.instagram.com/reel/DLDag69S7_O/
859,https://www.instagram.com/reel/DLfQoxiIvmn/
860,https://www.instagram.com/reel/DLsB0qXtWL0/
861,https://www.instagram.com/reel/DLDgIDyTLUI/
862,https://www.instagram.com/reel/DLwt5dit4QM/
863,https://www.instagram.com/reel/DL2XD8WMWjQ/
864,https://www.instagram.com/reel/DL5YSyuJffO/
865,https://www.instagram.com/reel/DL0s4xlutT5/
866,https://www.instagram.com/reel/DKH4utLJYOz/
867,https://www.instagram.com/reel/DIr7KHVsqjo/
868,https://www.instagram.com/reel/DLxmrQZhgua/
869,https://www.instagram.com/reel/DLMrXEfNdta/
870,https://www.instagram.com/p/DL99WKvIoff/?img_index=5
871,https://www.instagram.com/reel/DLPwSZvubgl/
872,https://www.instagram.com/reel/DJCSTaTRL5b/
873,https://www.instagram.com/reel/DMLDT51taMr/
874,https://www.instagram.com/p/DLasCNLBgan/
875,https://www.instagram.com/reel/DL8d3IKs5zw/
876,https://www.instagram.com/reel/DMQ80LGugo2/
877,https://www.instagram.com/reel/DL-epc4Be6m/
878,https://www.instagram.com/reel/DMNplAcPfFT/
879,https://www.instagram.com/p/DMQbJQdii_W/
880,https://www.instagram.com/reel/DMCpI1lKjfg/
881,https://www.instagram.com/reel/DL2ewYcpArf/
882,https://www.instagram.com/reel/DLff4NDCQRp/
883,https://www.instagram.com/reel/DMAyv9tsXMd/
884,https://www.instagram.com/reel/DMRqMoaRDci/
885,https://www.instagram.com/reel/DMS1DZBCdjl/
886,https://www.instagram.com/reel/DL3Nd3uAxgp/
887,https://www.instagram.com/reel/DL8gr_9SEz3/
888,https://www.instagram.com/p/DLD_lf3AFoB/
889,https://www.instagram.com/reel/DLhxQesNkHv/
890,https://www.instagram.com/reel/DLXlf6Nt5xV/
891,https://www.instagram.com/p/DLQ4wvkM59t/
892,https://www.instagram.com/reel/DLzmQANBxHC/
893,https://www.instagram.com/reel/DMg_f_bsWE1/
894,https://www.instagram.com/reel/DHHRxiYScXh/
895,https://www.instagram.com/reel/DM2G9Z-NRJ2/
896,https://www.instagram.com/reel/DMyE8OvS57d/
897,https://www.instagram.com/p/DM1qr3ks9hi/
898,https://www.instagram.com/reel/DMzY7GVsh0P/
899,https://www.instagram.com/reel/DM0NLEVuGtJ/
900,https://www.instagram.com/reel/DM1dJzPSyXB/
901,https://www.instagram.com/p/DM3KcAiO8ha/
902,https://www.instagram.com/reel/DMvRjiIs0pj/
903,https://www.instagram.com/reel/DM3AOS1sgY5/
904,https://www.instagram.com/p/DM2hLj4Out5/?img_index=1
905,https://www.instagram.com/reel/DM3WHeCyJy4/
906,https://www.instagram.com/reel/DNBYYiyMjrg/
907,https://www.instagram.com/reel/DNIw0EZAIBH/
908,https://www.instagram.com/reel/DNRS5-NPGsk/
909,https://www.instagram.com/reel/DNKOJWZIlHV/
910,https://www.instagram.com/reel/DNV0REXIFY7/
911,https://www.instagram.com/reel/DNWI93jO-Vm/
912,https://www.instagram.com/reel/DLsGDTFIW1y/
913,https://www.instagram.com/reel/DNSFDtlTtz5/
914,https://www.instagram.com/reel/DNapVHZpDB1/
915,https://www.instagram.com/reel/DNO8bryNZyn/
916,https://www.instagram.com/reel/DNY3c2dSEEi/
917,https://www.instagram.com/reel/DNPJuGkRP-a/
918,https://www.instagram.com/reel/DNZZSv2vM0-/
919,https://www.instagram.com/reel/DM3IH-ZhGw4/
920,https://www.instagram.com/reel/DNdBAvLP-Ku/
921,https://www.instagram.com/reel/DMx1KhUoIXS/
922,https://www.instagram.com/reel/DN8UkcijBIX/
923,https://www.instagram.com/reel/DN8aVPVgI0v/
924,https://www.instagram.com/reel/DOTjiPhDZ-_/
925,https://www.instagram.com/reel/DMVCiulRSgs/
926,https://www.instagram.com/reel/DNRbiwvu2D1/
927,https://www.instagram.com/reel/DLOiYQNtFXs/
928,https://www.instagram.com/p/DOwCIgNDs6m/?igsh=MTdjb2tmYm5hNWIxdQ==
929,https://www.instagram.com/reel/DPJjAOWiYeg/?igsh=MXNldzRpdm1xM3lnNA==
930,https://www.instagram.com/reel/DPS9lw0iX2V/?igsh=MXNhbHhnZWczdG90bg==
931,https://www.instagram.com/reel/DPPWvIKDUNH/?igsh=MTk1ZWJwYWVrMWE5Mg==
932,https://www.instagram.com/p/DPW8Ni0kSHk/?igsh=eHMxMnd6YmJmaGxo
933,https://www.instagram.com/reel/DPLUPcJiO0C/?igsh=bmduMGk1eWhqZzRw
934,https://www.instagram.com/p/DPV233dkunm/?img_index=1&igsh=Mm0yeXM0ZnQ0MXds
935,https://www.instagram.com/reel/DPV4RbXEeVf/?igsh=MjU3d2ZxMnZycThu
936,https://www.instagram.com/p/DPPfDi6kRzW/?img_index=2&igsh=MWlqZjg4czNyeHNucQ==
937,https://www.instagram.com/reel/DOo-jwljdsn/?igsh=MWhudTRqaGJpZnliaA==
938,https://www.instagram.com/reel/DPn0DPBDCiB/?igsh=MXJ2anJjZnd1NHVqcw==
939,https://www.instagram.com/reel/DPVAwY_DVbp/?igsh=MWw5OGhydGcwejlzeA==
940,https://www.instagram.com/reel/DPH3kzagL8O/?igsh=dzIwMGJ1enhoMGxq
941,https://www.instagram.com/reel/DPRGtIdCMas/?igsh=Z3JobzdtdXRuOWVl
942,https://www.instagram.com/reel/DPPl3_YCKHC/?igsh=cnl3MWYzc3lyZWNl
943,https://www.instagram.com/reel/DOtLqcOjAxf/?igsh=Y3dxOWtuZDh5ZDM3
944,https://www.instagram.com/reel/DPZkLHQk0Vg/?igsh=dmdoaGY3eDAyMWhy
945,https://www.instagram.com/reel/DOTwIcoCMn4/?igsh=MXN0NDY2M3FlejlmNw==
946,https://www.instagram.com/reel/DOoPAx8Ej8o/?igsh=NTF3d2JmcHUwYTU5
947,https://www.instagram.com/reel/DLhjGHANveu/?igsh=Y3NvZWp3emRyam84
948,https://www.instagram.com/reel/DPq5cHakXly/?igsh=bWZ0bjRvN3k1YTRn
949,https://www.instagram.com/reel/DPwV2WBCPp9/?igsh=Z3FhMG1mZGp1ank3
950,https://www.instagram.com/reel/DPtydqijejm/?igsh=MTFrZmw3cGlxa2Jteg==
951,https://www.instagram.com/reel/DO5e08oiFIm/?igsh=MXBvenlyZm9iam90eg==
952,https://www.instagram.com/reel/DPmcEHUj0H4/?igsh=aDFkdDEyN2d1bHh5
953,https://www.instagram.com/reel/DMVTziJiHTD/?igsh=MWZmejJ0Mmt1bjZ4Zg==
954,https://www.instagram.com/reel/DP8x7uiCP9N/?igsh=cWtmY2JmOHBkeml1
955,https://www.instagram.com/reel/DQHxhBfAY5W/?igsh=OHQ4d2RsMDNnd2R1
956,https://www.instagram.com/reel/DQpZY8vktdL/?igsh=aTZ6OGtpaDdteDE4
957,https://www.instagram.com/reel/DPSEi8FgR7n/?igsh=aDZ2MG1jcjdmZHRj
958,https://www.instagram.com/reel/DQUf2imjBf_/?igsh=MW92Z2pod3I1cDY4eg==
959,https://www.instagram.com/reel/DQoU7Z9kVT4/?igsh=MWhwb3hsYm50MnI1Yw==
960,https://www.instagram.com/reel/DOvoEcRDbKl/?igsh=ZXNiNzZsNng4Y3h5
961,https://www.instagram.com/reel/DOgwWELDzRf/?igsh=MXR4Y2h5MHI1cWtraQ==
962,https://www.instagram.com/reel/DPg-nlGiZN7/?igsh=MW40bXZ4M3I5MGEzMw==
963,https://www.instagram.com/reel/DQj-N2RkTGM/?igsh=MWdxbXgyZWRsZHByNQ==
964,https://www.instagram.com/reel/DMVQTxvOdCS/?igsh=MWJxM2IzbTVpOHpieQ==
965,https://www.instagram.com/reel/DQo6-ruEc03/?igsh=Z2NpejFxenpubjYx
966,https://www.instagram.com/reel/DQJ7OYpDbud/?igsh=bmpubzk1Y2phbmww
967,https://www.instagram.com/reel/DOPSybRkp2_/?igsh=MWI2cXhxNjdiaWpnMg==
968,https://www.instagram.com/reel/DQa64j9kWNk/?igsh=MWc2YzkwODQ4d3d2NA==
969,https://www.instagram.com/reel/DFBzSn5tY8O/?igsh=MWNvaXVnaWpycDZhdA==
970,https://www.instagram.com/reel/DLUn6QLMzR2/?igsh=MXFpNm95cXpqejZrYw==
971,https://www.instagram.com/reel/DIZxjGGB5n4/?igsh=bjRycTQwNHVlZGEy
972,https://www.instagram.com/reel/CmhGAxOJHbv/?igsh=MW1sc2Y1d25kZmVtMA==
973,https://www.instagram.com/reel/C-5PIhQx5oM/?igsh=YWg5Mmt3bmYyOG4=
974,https://www.instagram.com/reel/CxMUEQKJw4V/?igsh=MTJta2NnazJlejl2Mg==
975,https://www.instagram.com/reel/Cu9gNRGgHLi/?igsh=OXNoY2M4eDRqM2o2
976,https://www.instagram.com/reel/CnSOuS-qjko/?igsh=MWt5Y2c3bXVyc2dlNQ==
977,https://www.instagram.com/reel/ChIaT-TjpYc/?igsh=Z2EzZXF4NjVyNjI5
978,https://www.instagram.com/reel/Cm6U52Hsw5e/?igsh=MWcxYjZma2JyZjZnbQ==
979,https://www.instagram.com/reel/DOTuL0tESbW/?igsh=YjhqdzdvdHhiejc2
980,https://www.instagram.com/reel/CoiFHYqpnHt/?igsh=MWhrZTQ2Y25zYTdyaw==
981,https://www.instagram.com/reel/DJXZr4gM_tc/?igsh=Y29iMTR3OXEwZjA5
982,https://www.instagram.com/reel/DQFtAoyDQOS/?igsh=MXBzMDV0cGs4OWVudg==
983,https://www.instagram.com/reel/DKXuwMiBC5e/?igsh=MW50ZjJhbGp6bzRmOQ==
984,https://www.instagram.com/reel/CykBH33reV8/?igsh=MWh5MDlrcWo4b3BibQ==
985,https://www.instagram.com/reel/DAX-m4WMqHN/?igsh=MXdueWozZWc1c2pieA==
986,https://www.instagram.com/reel/C1-nGXbgC8O/?igsh=dDkxamc3cjJsdGF1
987,https://www.instagram.com/reel/DABf8jwP8_G/?igsh=MTR3and0dmwzbG5kcA==
988,https://www.instagram.com/reel/DNGTLZYO0tm/?igsh=eWlibXUzYXF0b3Bx
989,https://www.instagram.com/reel/DOERCXTjaRg/?igsh=MTVkbzd6dDd2cDN4Yg==
990,https://www.instagram.com/reel/DQo4gB4EZa2/?igsh=enVkMmNlcmpzZW1v
991,https://www.instagram.com/reel/DQ1qVk_kZsc/?igsh=bHljODQ1c2g5MmJl
992,https://www.instagram.com/reel/DQufeJlAML4/?igsh=MTgwdnlsNjAzYno5ZA==
993,https://www.instagram.com/reel/DN016LuxKnk/?igsh=Z2pwODRvMWQ5Mzh3
994,https://www.instagram.com/reel/DOjoL5yjm7U/?igsh=MTl4eG9qMnNuOTgxag==
995,https://www.instagram.com/reel/DPWcu-ljdcM/?igsh=MTQ3bTNxd3UycGF3cA==
996,https://www.instagram.com/reel/DMv72D-T65t/?igsh=MWttZzU5d2ZtcWxpeA==
997,https://www.instagram.com/p/DQy6IhkCHXP/?img_index=6&igsh=MXU2MW9kOGJpdjA0dg==
998,https://www.instagram.com/reel/DMfUOCqN-M-/?igsh=MTRyOXZtNzRwNnEydA==
999,https://www.instagram.com/reel/DObSiaRitfy/?igsh=bndnaW40dzEzZjJ0
1000,https://www.instagram.com/reel/DQj0jpUk3bw/?igsh=MTRqMzRzODYycmJveA==
